From,To
input-tile-id,output-column-children
output-column-children,input-tile-id
input-tile-id,output-grid-children
output-grid-children,input-tile-id
input-tile-id,input-or-id
input-or-id,input-tile-id
input-tile-id,input-not-id
input-not-id,input-tile-id
input-tile-id,output-selected-tile
output-selected-tile,input-tile-id
output-tile-visible,input-and-id
input-and-id,output-tile-visible
output-tile-visible,input-or-id
input-or-id,output-tile-visible
output-tile-visible,input-not-id
input-not-id,output-tile-visible
output-tile-visible,input-between-id
input-between-id,output-tile-visible
output-tile-visible,input-selected-id
input-selected-id,output-tile-visible
output-tile-enabled,input-and-id
input-and-id,output-tile-enabled
output-tile-enabled,input-between-id
input-between-id,output-tile-enabled
output-tile-enabled,input-selected-id
input-selected-id,output-tile-enabled
input-column-id,output-column-children
output-column-children,input-column-id
input-column-id,output-grid-children
output-grid-children,input-column-id
input-column-id,output-root-children
output-root-children,input-column-id
output-column-children,input-box-id
input-box-id,output-column-children
output-column-children,input-grid-id
input-grid-id,output-column-children
output-column-children,input-or-id
input-or-id,output-column-children
output-column-children,input-not-id
input-not-id,output-column-children
output-column-children,input-header-id
input-header-id,output-column-children
output-column-children,input-range-id
input-range-id,output-column-children
output-column-visible,input-and-id
input-and-id,output-column-visible
output-column-visible,input-or-id
input-or-id,output-column-visible
output-column-visible,input-not-id
input-not-id,output-column-visible
output-column-visible,input-between-id
input-between-id,output-column-visible
output-column-visible,input-selected-id
input-selected-id,output-column-visible
output-column-enabled,input-and-id
input-and-id,output-column-enabled
output-column-enabled,input-between-id
input-between-id,output-column-enabled
output-column-enabled,input-selected-id
input-selected-id,output-column-enabled
input-box-id,output-grid-children
output-grid-children,input-box-id
input-box-id,input-or-id
input-or-id,input-box-id
input-box-id,input-not-id
input-not-id,input-box-id
input-box-id,output-between-box
output-between-box,input-box-id
output-box-visible,input-and-id
input-and-id,output-box-visible
output-box-visible,input-or-id
input-or-id,output-box-visible
output-box-visible,input-not-id
input-not-id,output-box-visible
output-box-visible,input-between-id
input-between-id,output-box-visible
output-box-visible,input-selected-id
input-selected-id,output-box-visible
output-box-enabled,input-and-id
input-and-id,output-box-enabled
output-box-enabled,input-between-id
input-between-id,output-box-enabled
output-box-enabled,input-selected-id
input-selected-id,output-box-enabled
input-grid-id,output-grid-children
output-grid-children,input-grid-id
input-grid-id,output-root-children
output-root-children,input-grid-id
output-grid-children,input-or-id
input-or-id,output-grid-children
output-grid-children,input-not-id
input-not-id,output-grid-children
output-grid-children,input-header-id
input-header-id,output-grid-children
output-grid-children,input-range-id
input-range-id,output-grid-children
output-grid-visible,input-and-id
input-and-id,output-grid-visible
output-grid-visible,input-or-id
input-or-id,output-grid-visible
output-grid-visible,input-not-id
input-not-id,output-grid-visible
output-grid-visible,input-between-id
input-between-id,output-grid-visible
output-grid-visible,input-selected-id
input-selected-id,output-grid-visible
output-grid-enabled,input-and-id
input-and-id,output-grid-enabled
output-grid-enabled,input-between-id
input-between-id,output-grid-enabled
output-grid-enabled,input-selected-id
input-selected-id,output-grid-enabled
input-and-id,output-and-conditions
output-and-conditions,input-and-id
input-and-id,input-or-id
input-or-id,input-and-id
input-and-id,output-or-conditions
output-or-conditions,input-and-id
input-and-id,input-not-id
input-not-id,input-and-id
input-and-id,output-not-condition
output-not-condition,input-and-id
input-and-id,output-header-visible
output-header-visible,input-and-id
input-and-id,output-header-enabled
output-header-enabled,input-and-id
input-and-id,output-range-visible
output-range-visible,input-and-id
input-and-id,output-range-enabled
output-range-enabled,input-and-id
output-and-conditions,input-between-id
input-between-id,output-and-conditions
output-and-conditions,input-selected-id
input-selected-id,output-and-conditions
input-or-id,output-tile-enabled
output-tile-enabled,input-or-id
input-or-id,output-column-enabled
output-column-enabled,input-or-id
input-or-id,output-box-enabled
output-box-enabled,input-or-id
input-or-id,output-grid-enabled
output-grid-enabled,input-or-id
input-or-id,output-and-conditions
output-and-conditions,input-or-id
input-or-id,input-or-id
input-or-id,output-or-conditions
output-or-conditions,input-or-id
input-or-id,input-not-id
input-not-id,input-or-id
input-or-id,output-not-condition
output-not-condition,input-or-id
input-or-id,output-header-visible
output-header-visible,input-or-id
input-or-id,output-header-enabled
output-header-enabled,input-or-id
input-or-id,output-range-visible
output-range-visible,input-or-id
input-or-id,output-range-enabled
output-range-enabled,input-or-id
output-or-conditions,input-between-id
input-between-id,output-or-conditions
output-or-conditions,input-selected-id
input-selected-id,output-or-conditions
input-not-id,output-tile-enabled
output-tile-enabled,input-not-id
input-not-id,output-column-enabled
output-column-enabled,input-not-id
input-not-id,output-box-enabled
output-box-enabled,input-not-id
input-not-id,output-grid-enabled
output-grid-enabled,input-not-id
input-not-id,output-and-conditions
output-and-conditions,input-not-id
input-not-id,output-or-conditions
output-or-conditions,input-not-id
input-not-id,input-not-id
input-not-id,output-not-condition
output-not-condition,input-not-id
input-not-id,output-header-visible
output-header-visible,input-not-id
input-not-id,output-header-enabled
output-header-enabled,input-not-id
input-not-id,output-range-visible
output-range-visible,input-not-id
input-not-id,output-range-enabled
output-range-enabled,input-not-id
output-not-condition,input-between-id
input-between-id,output-not-condition
output-not-condition,input-selected-id
input-selected-id,output-not-condition
input-between-id,output-header-visible
output-header-visible,input-between-id
input-between-id,output-header-enabled
output-header-enabled,input-between-id
input-between-id,output-range-visible
output-range-visible,input-between-id
input-between-id,output-range-enabled
output-range-enabled,input-between-id
input-selected-id,output-header-visible
output-header-visible,input-selected-id
input-selected-id,output-header-enabled
output-header-enabled,input-selected-id
input-selected-id,output-range-visible
output-range-visible,input-selected-id
input-selected-id,output-range-enabled
output-range-enabled,input-selected-id
input-header-id,input-or-id
input-or-id,input-header-id
input-header-id,input-not-id
input-not-id,input-header-id
